<?xml version="1.0" encoding="UTF-8"?>
<!DOCTYPE mapper PUBLIC "-//mybatis.org//DTD Mapper 3.0//EN" "http://mybatis.org/dtd/mybatis-3-mapper.dtd">
<mapper namespace="member">
	<!-- insert, update, delete는 무조건 resultType="int"이므로
	프로그래머가 써주지 않아도 이미 resultType="int"가 있는 것으로 본다 -->
	
	<!-- vo와 db table이 같을 때는
		컬럼명과 동일한 vo의 변수에 자동으로 넣어줌
	
		vo와 db table이 다를 때는 
		수동으로 어떤 컬럼명에서 꺼내서 vo의 변수에
		넣어줄 지 mapping을 해주어야함 : resultMap -->
		
	<insert id="create" parameterType="memberVO">
		insert into member 
		values (#{id}, #{pw}, #{name}, #{tel})
	</insert>
	
	<delete id="del"  parameterType="String">
		delete from member 
		where id = #{id}
	</delete>
	
	<update id="up"  parameterType="memberVO">
		update member 
		set tel = #{tel} 
		where id = #{id}
	</update>
	
	<select id="one"  parameterType="String" resultType="memberVO">
		select * 
		from member 
		where id = #{id}
	</select>
	
	<!-- 알아서 arraylist를 만든다 -->
	<select id="all" resultType="memberVO">
		select * 
		from member
	</select>
	
</mapper>